invoice_id,invoice_number,customer_id,invoice_date
7f2920a3-37c6-4ec1-86bc-fb03c74d55fb,K2025000001,1423a182-6af9-4730-af7a-91c4d4dc7b6e,2025-12-29
8520dfdc-0e01-40b1-b5c3-d91a72fe538b,K2025000002,1d047f26-ae3f-453d-94f8-273f5c5b5952,2025-02-10
c7bea5b9-f216-40bd-a2de-f01dc6ece8c8,K2025000003,dcf19d8b-5667-4f62-a28a-427f13edc79e,2025-06-06
2d895526-8adf-4b97-afae-64353a514b86,K2025000004,90d4bddd-71c8-49c5-9922-e762906a9f2b,2025-12-22
b2bfb166-c18c-4147-8837-352241a0103c,K2025000005,6f1b3682-8cad-4a96-89cb-db28b4592121,2025-08-26
db3542ca-f557-4e47-a9e5-2acdd07d02dc,K2025000006,3cebf438-e7f2-411f-8432-d79b16c6606a,2025-12-23
5f52a11c-5108-4da6-a4e8-60aff1f41d7a,K2025000007,1423a182-6af9-4730-af7a-91c4d4dc7b6e,2025-09-21
128665d0-d164-409e-8436-55024e6e8b33,K2025000008,adcabf4b-ebda-496b-9c84-47c5b65335ee,2025-06-18
443213fe-9e68-4f7d-bf65-9aebe8ef79a3,K2025000009,f6eab665-49be-4053-925a-53061aeaac76,2025-07-02
e58aa569-7f84-42ac-afe0-dddc842d07a9,K2025000010,788197ca-739d-4991-9014-3b43742c63bd,2025-11-15
aab3badc-51ee-42fb-a02d-b4f5e9981e9e,K2025000011,788197ca-739d-4991-9014-3b43742c63bd,2025-08-24
ac9a757e-5898-476b-b760-66676c42ee0a,K2025000012,788197ca-739d-4991-9014-3b43742c63bd,2025-09-02
b413a7e3-4c0b-4f7e-b375-383cb196435f,K2025000013,dcf19d8b-5667-4f62-a28a-427f13edc79e,2025-09-02
fdfc7310-3453-4557-ab6a-241569f942da,K2025000014,90d4bddd-71c8-49c5-9922-e762906a9f2b,2025-04-21
4640a9bb-1ed0-4aa2-a4f5-dce78dad22be,K2025000015,6f1b3682-8cad-4a96-89cb-db28b4592121,2025-08-05
5eb65d58-c9d0-4352-aeb2-fde47a4541c4,K2025000016,6f1b3682-8cad-4a96-89cb-db28b4592121,2025-02-19
6e249e30-3ee9-46c0-ad8b-8597dde7f623,K2025000017,5b55e6a8-64d9-4aa8-9905-9bb8b32b61d8,2025-01-11
7c6e341b-cdc0-405b-bc3f-5ae3ecec1d7c,K2025000018,2d8f468d-5ac3-4171-9dc6-c0ce10238fbc,2025-05-30
efa9fc5c-e05a-4d5a-a136-e820e47d3bda,K2025000019,1d047f26-ae3f-453d-94f8-273f5c5b5952,2025-10-19
0a5c901f-2ede-4837-b915-059fbcf1ee8e,K2025000020,660e5e58-2c1f-4150-8776-5e59e47c35e5,2025-09-01
02131381-15f0-41cb-b714-7979f304d836,K2025000021,f6eab665-49be-4053-925a-53061aeaac76,2025-03-08
053780fa-8797-42bd-9180-9045ff9b0972,K2025000022,1d047f26-ae3f-453d-94f8-273f5c5b5952,2025-10-14
066e3973-d9fc-4397-9d6e-69cda67e805e,K2025000023,cc14cb5d-02d8-4000-a8bb-cd3802e776af,2025-11-19
89a277f8-db4c-49db-8620-63a194ac4b00,K2025000024,2d8f468d-5ac3-4171-9dc6-c0ce10238fbc,2025-09-04
cf22e8e4-924b-4ba5-92b6-758addb9e0ff,K2025000025,bc385e57-dd6d-479c-976d-9ccb7057026d,2025-04-08
533fdc87-8205-4596-96ca-6b6b684cb057,K2025000026,c283d8b9-612f-422f-8674-b3efe5272beb,2025-08-07
79de3962-abeb-40ef-9379-6b5618e3e8db,K2025000027,6d70a32e-d828-4536-9abc-525cfa6d8fbe,2025-12-16
3552ebc5-24c2-43db-afba-56581f0edd63,K2025000028,788197ca-739d-4991-9014-3b43742c63bd,2025-02-17
c85df191-4831-4f79-8e7d-f2ad7615a967,K2025000029,5fc17db2-db1f-4aa2-bd99-f67615d82c31,2025-08-11
7a83c79b-ef2b-4602-a288-3e50fbb51f57,K2025000030,3cebf438-e7f2-411f-8432-d79b16c6606a,2025-07-21
1ed5e0e8-4945-449a-92d9-467323c6faaa,K2025000031,2d8f468d-5ac3-4171-9dc6-c0ce10238fbc,2025-11-29
471115e9-a38a-45d0-9b47-145f3fc1d20c,K2025000032,405f441d-da15-43c7-89f8-e072f816d5ca,2025-10-28
ed311c32-ab2e-462d-a398-cf25c9ad19c4,K2025000033,c283d8b9-612f-422f-8674-b3efe5272beb,2025-05-04
f16333b4-420a-4226-a4d0-6d98b01b3127,K2025000034,1d047f26-ae3f-453d-94f8-273f5c5b5952,2025-01-06
66e4a66b-e7ad-4f66-a880-f5cd36f097da,K2025000035,5b55e6a8-64d9-4aa8-9905-9bb8b32b61d8,2025-08-30
7261bfa7-e9a8-450a-896a-c2b49026aa55,K2025000036,3cebf438-e7f2-411f-8432-d79b16c6606a,2025-04-02
7e6babfd-f295-42cb-a168-c286462c18b2,K2025000037,1423a182-6af9-4730-af7a-91c4d4dc7b6e,2025-02-04
8c881114-4dcd-4dd1-8a51-56bd44b64715,K2025000038,5fc17db2-db1f-4aa2-bd99-f67615d82c31,2025-09-23
5fe9bc52-94af-4666-9818-e346bb15f753,K2025000039,dcf19d8b-5667-4f62-a28a-427f13edc79e,2025-12-30
69dd761b-ab3c-4970-a253-54f7c85f550e,K2025000040,788197ca-739d-4991-9014-3b43742c63bd,2025-04-11
1dceb4db-14f4-43f0-8741-e7162689c59c,K2025000041,cc14cb5d-02d8-4000-a8bb-cd3802e776af,2025-04-29
15b1c7fc-a968-4546-8cfe-f621932cb460,K2025000042,2d8f468d-5ac3-4171-9dc6-c0ce10238fbc,2025-08-01
41c197bc-4511-4cbf-b551-992996d34131,K2025000043,90d4bddd-71c8-49c5-9922-e762906a9f2b,2025-07-21
3676f365-5398-42e7-8b16-d40b70a4f852,K2025000044,788197ca-739d-4991-9014-3b43742c63bd,2025-11-22
f0cad56a-e508-4e38-9195-a66f6f197d06,K2025000045,6f1b3682-8cad-4a96-89cb-db28b4592121,2025-03-12
92caf88f-0b38-4980-be14-2187c7096329,K2025000046,adcabf4b-ebda-496b-9c84-47c5b65335ee,2025-10-22
a0b13be1-9874-4ab9-9ee1-37c012de9c77,K2025000047,2d8f468d-5ac3-4171-9dc6-c0ce10238fbc,2025-10-02
3afaa0d7-82a9-416c-9980-f295c98e6406,K2025000048,bc385e57-dd6d-479c-976d-9ccb7057026d,2025-08-24
d9f171a5-0eaf-4439-b47c-1cda2a3b0bb4,K2025000049,405f441d-da15-43c7-89f8-e072f816d5ca,2025-12-15
f39b8db4-6686-4215-88f4-17d85ac570cb,K2025000050,405f441d-da15-43c7-89f8-e072f816d5ca,2025-05-21
fa8cad44-ac1a-467e-8044-e144b183bab5,K2025000051,5fc17db2-db1f-4aa2-bd99-f67615d82c31,2025-03-17
cf5d1b65-ab09-449b-b0b1-0de3aac0efd4,K2025000052,cc14cb5d-02d8-4000-a8bb-cd3802e776af,2025-06-09
ba5320ff-d066-40bd-a083-349f4db267ba,K2025000053,f6eab665-49be-4053-925a-53061aeaac76,2025-01-23
5d0e3b29-6b2c-4367-b16a-7bade7fe2289,K2025000054,cc14cb5d-02d8-4000-a8bb-cd3802e776af,2025-12-17
15289692-3d50-4fe1-a941-0d166555f9c1,K2025000055,adcabf4b-ebda-496b-9c84-47c5b65335ee,2025-11-21
db56ed37-67a5-4879-b53b-e714b459fd1f,K2025000056,5b55e6a8-64d9-4aa8-9905-9bb8b32b61d8,2025-02-16
dbdc2e63-c462-41a0-acaf-08caf09ccacc,K2025000057,adcabf4b-ebda-496b-9c84-47c5b65335ee,2025-02-03
4f8a2167-32f4-46a4-8962-5f4bcef5c4b9,K2025000058,660e5e58-2c1f-4150-8776-5e59e47c35e5,2025-01-12
7ecc53a3-ef73-49e4-ad7b-ec823db0e8c6,K2025000059,c283d8b9-612f-422f-8674-b3efe5272beb,2025-09-18
3f864203-a465-4256-915e-2a6c2d3571a9,K2025000060,5b55e6a8-64d9-4aa8-9905-9bb8b32b61d8,2025-04-08
52265624-f62c-494a-8841-9ec939821dda,K2025000061,6d70a32e-d828-4536-9abc-525cfa6d8fbe,2025-05-28
c47530f0-2f52-4072-8ae1-b5361ffc5079,K2025000062,cc14cb5d-02d8-4000-a8bb-cd3802e776af,2025-04-08
94c86f9b-26d1-4c10-9489-1a0ffe8ac6e0,K2025000063,6f1b3682-8cad-4a96-89cb-db28b4592121,2025-08-22
e1d79d60-d6c2-4ff1-b14e-a4c4451e4daa,K2025000064,1423a182-6af9-4730-af7a-91c4d4dc7b6e,2025-12-30
6ff7087c-eb03-4c3b-9cf3-66d0c75e59c7,K2025000065,3cebf438-e7f2-411f-8432-d79b16c6606a,2025-12-26
82abad27-d179-4951-a1ec-7e82bec281dd,K2025000066,bc385e57-dd6d-479c-976d-9ccb7057026d,2025-06-13
f1d1046d-b37a-417a-b2db-c27644110334,K2025000067,1d047f26-ae3f-453d-94f8-273f5c5b5952,2025-09-18
48c1e967-1125-4108-8c17-478f9081c443,K2025000068,2d8f468d-5ac3-4171-9dc6-c0ce10238fbc,2025-02-14
0cf208fe-0f9c-42a8-83ab-44606850e1c0,K2025000069,788197ca-739d-4991-9014-3b43742c63bd,2025-09-25
9d307be9-1282-42d9-a0f0-1eec4ba5e8fb,K2025000070,788197ca-739d-4991-9014-3b43742c63bd,2025-05-08
494dee62-ea58-4ecb-8466-24a75c405cf2,K2025000071,2d8f468d-5ac3-4171-9dc6-c0ce10238fbc,2025-04-13
bf9032b6-b530-45fb-993b-12a46d41d051,K2025000072,90d4bddd-71c8-49c5-9922-e762906a9f2b,2025-11-29
d2e1eb5f-d3f7-4f03-9a26-72d55df89aa4,K2025000073,1d047f26-ae3f-453d-94f8-273f5c5b5952,2025-06-21
d83065ea-7b22-4ce7-862f-c98246c3c870,K2025000074,1423a182-6af9-4730-af7a-91c4d4dc7b6e,2025-03-14
230d1432-5379-4e6c-886b-5c80f270db06,K2025000075,788197ca-739d-4991-9014-3b43742c63bd,2025-11-13
bdae4ad8-4b34-4ee0-92d9-cca1fddd0637,K2025000076,405f441d-da15-43c7-89f8-e072f816d5ca,2025-04-08
18090d6e-df5b-4337-b298-c964db9cd61c,K2025000077,5b55e6a8-64d9-4aa8-9905-9bb8b32b61d8,2025-07-29
935187da-3734-4743-8648-a02e4849e775,K2025000078,2d8f468d-5ac3-4171-9dc6-c0ce10238fbc,2025-04-15
3d2aceeb-4ce4-440c-9c59-9013571b75a8,K2025000079,5fc17db2-db1f-4aa2-bd99-f67615d82c31,2025-01-31
e2e79b55-bde4-48ff-82d2-71a19a5d0ca2,K2025000080,788197ca-739d-4991-9014-3b43742c63bd,2025-10-17
cbbd29ab-b274-4702-9272-a87b3b7559c9,K2025000081,1423a182-6af9-4730-af7a-91c4d4dc7b6e,2025-12-28
693ed01c-d631-4f83-aba4-a96f40131781,K2025000082,f6eab665-49be-4053-925a-53061aeaac76,2025-11-18
e000306a-dce2-4979-9e45-e2ef9587067a,K2025000083,cc14cb5d-02d8-4000-a8bb-cd3802e776af,2025-08-27
3195294a-72ca-486d-8cb4-9021704ffb79,K2025000084,6d70a32e-d828-4536-9abc-525cfa6d8fbe,2025-12-11
3eb4bce5-1611-48dc-ae10-8b3bf80f2a91,K2025000085,1423a182-6af9-4730-af7a-91c4d4dc7b6e,2025-03-10
52a0b523-92d5-4072-8032-ffd650e46da1,K2025000086,6f1b3682-8cad-4a96-89cb-db28b4592121,2025-02-14
ec5e88a7-740d-4d69-ac49-83da0f8a0db0,K2025000087,788197ca-739d-4991-9014-3b43742c63bd,2025-07-12
8271939c-41e0-4717-937a-461b13d3fb67,K2025000088,c283d8b9-612f-422f-8674-b3efe5272beb,2025-08-16
aa3f6c75-7f3c-451f-b82b-52d64c83efb1,K2025000089,cc14cb5d-02d8-4000-a8bb-cd3802e776af,2025-03-15
6e9692db-d797-40dd-81c9-5ae2fa699e73,K2025000090,90d4bddd-71c8-49c5-9922-e762906a9f2b,2025-01-26
1c78e947-46a3-4ddd-ab1b-26f0c4ab1337,K2025000091,660e5e58-2c1f-4150-8776-5e59e47c35e5,2025-09-07
9fdd2b7b-a718-4316-9825-a56bfcd1f039,K2025000092,788197ca-739d-4991-9014-3b43742c63bd,2025-06-14
b4a8a3fe-7b00-4fb6-bc38-63cb57b4d319,K2025000093,adcabf4b-ebda-496b-9c84-47c5b65335ee,2025-11-20
c1900eef-9c8e-4f2b-9c25-d4937db9352c,K2025000094,1d047f26-ae3f-453d-94f8-273f5c5b5952,2025-01-09
979a02cb-d630-46a0-a4be-aa31cb128025,K2025000095,788197ca-739d-4991-9014-3b43742c63bd,2025-12-22
5084670e-e033-4428-af7d-8d2835f8b22b,K2025000096,f6eab665-49be-4053-925a-53061aeaac76,2025-10-05
6dc45c85-71ac-4770-9052-c74d521dd27e,K2025000097,f6eab665-49be-4053-925a-53061aeaac76,2025-01-21
bd4f4046-54b0-4468-93da-3f9f600dcc80,K2025000098,90d4bddd-71c8-49c5-9922-e762906a9f2b,2025-12-26
80d518fe-3182-4a53-b801-c83993e5ce66,K2025000099,2d8f468d-5ac3-4171-9dc6-c0ce10238fbc,2025-03-07
b76f03ab-aa74-4904-8eaf-b1a8bb7d8b43,K2025000100,dcf19d8b-5667-4f62-a28a-427f13edc79e,2025-05-20
7856194d-336e-44b7-a978-83db2f9a43e1,K2025000101,6d70a32e-d828-4536-9abc-525cfa6d8fbe,2025-03-17
9bca37d6-1188-4ba8-b37a-ac0eabe5cf22,K2025000102,2d8f468d-5ac3-4171-9dc6-c0ce10238fbc,2025-09-23
ec686c36-f7d8-453f-bd47-57a77040df79,K2025000103,788197ca-739d-4991-9014-3b43742c63bd,2025-02-09
6d358f5b-49c5-4ab7-8f38-22734d4629b0,K2025000104,18cceb76-0318-4eeb-9412-5a495fab5a8f,2025-05-05
b88cf5eb-1eaf-4d6f-a058-8d9de9b86cfa,K2025000105,788197ca-739d-4991-9014-3b43742c63bd,2025-04-14
371c7e2d-8243-4ef7-9142-0e63c81a7161,K2025000106,5fc17db2-db1f-4aa2-bd99-f67615d82c31,2025-02-02
f0d43cd2-a866-4d81-b18a-e2329439b32d,K2025000107,788197ca-739d-4991-9014-3b43742c63bd,2025-01-06
0c782a06-1ef6-4dcd-a848-480cbcb8abcc,K2025000108,788197ca-739d-4991-9014-3b43742c63bd,2025-08-04
0784d98d-b065-49c2-9a75-6c460aa1cfab,K2025000109,cc14cb5d-02d8-4000-a8bb-cd3802e776af,2025-11-26
512c1cbf-cb2f-4179-b655-f86dbf406194,K2025000110,3cebf438-e7f2-411f-8432-d79b16c6606a,2025-12-25
8fc3d1eb-d0ca-48bb-af4d-18f6b49842ae,K2025000111,660e5e58-2c1f-4150-8776-5e59e47c35e5,2025-11-04
de2bb048-986e-46f3-8d65-c8357c2fce93,K2025000112,cc14cb5d-02d8-4000-a8bb-cd3802e776af,2025-05-08
a707d269-0811-481a-b88e-321b7e5a60e6,K2025000113,adcabf4b-ebda-496b-9c84-47c5b65335ee,2025-08-17
a1c2cdb7-bc75-4f80-8114-b361f88cf055,K2025000114,c283d8b9-612f-422f-8674-b3efe5272beb,2025-04-27
3562d811-49f5-4c50-8294-88f19bd0ef32,K2025000115,adcabf4b-ebda-496b-9c84-47c5b65335ee,2025-01-23
80508f2a-8a95-4c83-bbef-eb3dc3c19735,K2025000116,1d047f26-ae3f-453d-94f8-273f5c5b5952,2025-07-24
e961d7b5-25ed-41ac-a875-5748516e8145,K2025000117,405f441d-da15-43c7-89f8-e072f816d5ca,2025-01-20
63861a0c-eb90-47ec-820c-668df4ec14b0,K2025000118,18cceb76-0318-4eeb-9412-5a495fab5a8f,2025-06-01
8cdfc23b-2aa7-4ad9-90a7-b702c8d0e9d8,K2025000119,dcf19d8b-5667-4f62-a28a-427f13edc79e,2025-06-13
7b14a505-2cda-44bd-9e5f-2816c4b68fd7,K2025000120,660e5e58-2c1f-4150-8776-5e59e47c35e5,2025-06-29
c3f61db4-d48d-4204-ad68-131d26b20b3c,K2025000121,788197ca-739d-4991-9014-3b43742c63bd,2025-04-08
9f298d01-d6a1-450f-bf9c-b8f338fc66d9,K2025000122,788197ca-739d-4991-9014-3b43742c63bd,2025-03-29
b0645f6b-4064-4111-b9bb-28a092a7fcb4,K2025000123,2d8f468d-5ac3-4171-9dc6-c0ce10238fbc,2025-03-01
d2d23688-dff8-45f7-83b4-59bb8f479dac,K2025000124,cc14cb5d-02d8-4000-a8bb-cd3802e776af,2025-07-09
00a2e8f4-5902-4d2e-bc2e-a793632c943e,K2025000125,6d70a32e-d828-4536-9abc-525cfa6d8fbe,2025-10-16
e0fd1511-c626-45b5-8f32-c0b5c261b6d4,K2025000126,788197ca-739d-4991-9014-3b43742c63bd,2025-08-10
1e1e08e6-8aff-4320-92be-e9379e16bb70,K2025000127,90d4bddd-71c8-49c5-9922-e762906a9f2b,2025-12-09
d6e11020-a8ca-4e55-b826-99fe0fd09418,K2025000128,bc385e57-dd6d-479c-976d-9ccb7057026d,2025-10-05
d2a11220-24c2-4941-b578-f8570c3854e4,K2025000129,cc14cb5d-02d8-4000-a8bb-cd3802e776af,2025-09-21
c2a91133-f93b-4e2b-9e88-27cc5b0b8d9d,K2025000130,2d8f468d-5ac3-4171-9dc6-c0ce10238fbc,2025-09-05
a92bea2a-62d5-497b-b276-18b12c459ab9,K2025000131,1d047f26-ae3f-453d-94f8-273f5c5b5952,2025-10-29
0f2ccb5a-0f3c-4858-8116-81c6583e4ab4,K2025000132,788197ca-739d-4991-9014-3b43742c63bd,2025-12-18
61a5e922-44a3-4976-978d-4a75aa5ea7d4,K2025000133,5fc17db2-db1f-4aa2-bd99-f67615d82c31,2025-04-10
bcc63f44-0c1f-4533-b1a4-9052ce0e1a38,K2025000134,5fc17db2-db1f-4aa2-bd99-f67615d82c31,2025-02-21
cac433f0-db51-4168-8669-fea21699bc27,K2025000135,f6eab665-49be-4053-925a-53061aeaac76,2025-07-02
04caf71e-5d72-49b8-a8f3-c52b59c49f31,K2025000136,6d70a32e-d828-4536-9abc-525cfa6d8fbe,2025-11-02
47f9eea9-032c-4d02-b732-4f2b1af47348,K2025000137,660e5e58-2c1f-4150-8776-5e59e47c35e5,2025-07-14
39a19a53-c3c3-4bc9-821d-6dc4f0cbd8f6,K2025000138,660e5e58-2c1f-4150-8776-5e59e47c35e5,2025-01-10
954f8b56-9121-4660-8028-48be8c4a5699,K2025000139,660e5e58-2c1f-4150-8776-5e59e47c35e5,2025-03-19
bf75a363-8ce5-44d5-a9bb-ab56a6858de8,K2025000140,f6eab665-49be-4053-925a-53061aeaac76,2025-03-11
a3aa625f-c913-42e8-8caa-7a8237906870,K2025000141,c283d8b9-612f-422f-8674-b3efe5272beb,2025-12-14
0b3c853f-136c-4aba-ab9c-9f4ae8d6cf13,K2025000142,788197ca-739d-4991-9014-3b43742c63bd,2025-04-12
ee410d58-1112-4d32-b84c-35c94bd867d1,K2025000143,dcf19d8b-5667-4f62-a28a-427f13edc79e,2025-02-08
ab017cd3-86c1-4e26-8e6a-a0032462114c,K2025000144,cc14cb5d-02d8-4000-a8bb-cd3802e776af,2025-10-06
e564f78e-495d-4995-a939-e9eb8b54a954,K2025000145,660e5e58-2c1f-4150-8776-5e59e47c35e5,2025-02-04
f8d2cba0-ba75-44ea-aaf5-63c5cd78733f,K2025000146,c283d8b9-612f-422f-8674-b3efe5272beb,2025-06-15
7d8d3660-d39e-4fd1-b041-4d02e5929a5d,K2025000147,dcf19d8b-5667-4f62-a28a-427f13edc79e,2025-11-06
8224d179-860a-40b2-9af3-f592e9ac51c7,K2025000148,788197ca-739d-4991-9014-3b43742c63bd,2025-01-01
7e63b9ac-804a-4e8e-8656-9ca63996b691,K2025000149,f6eab665-49be-4053-925a-53061aeaac76,2025-02-25
3ec44816-aa5f-474a-ae8e-00804371eb27,K2025000150,dcf19d8b-5667-4f62-a28a-427f13edc79e,2025-06-02
ce37b3ed-274c-40b0-ac44-5b391f187d19,K2025000151,788197ca-739d-4991-9014-3b43742c63bd,2025-02-20
588e2d25-44d3-4e93-b2ff-525f7429699f,K2025000152,788197ca-739d-4991-9014-3b43742c63bd,2025-05-22
9b8853a0-aec5-418c-8e9c-2da7022929fe,K2025000153,6f1b3682-8cad-4a96-89cb-db28b4592121,2025-05-28
21b7eb68-bc04-4182-8046-64fc033ba636,K2025000154,2d8f468d-5ac3-4171-9dc6-c0ce10238fbc,2025-02-25
6e986596-bbac-4d7b-857b-ebad18bf2d7d,K2025000155,3cebf438-e7f2-411f-8432-d79b16c6606a,2025-01-17
1e5800e8-70f6-418f-a100-a218079c420a,K2025000156,1423a182-6af9-4730-af7a-91c4d4dc7b6e,2025-12-01
3dcd0bd8-2820-47a3-b6c5-373db5f3e419,K2025000157,1423a182-6af9-4730-af7a-91c4d4dc7b6e,2025-05-08
315f7ca4-c7c1-4cfc-92c4-1af71c470ed2,K2025000158,c283d8b9-612f-422f-8674-b3efe5272beb,2025-12-06
8fb590f9-e9b5-441d-a7c4-071ee9459dd9,K2025000159,1d047f26-ae3f-453d-94f8-273f5c5b5952,2025-11-01
2b0edbd8-1492-4cb5-8c65-f2903621eaf6,K2025000160,788197ca-739d-4991-9014-3b43742c63bd,2025-08-17
734de7b4-be15-4055-833c-51abea287d5a,K2025000161,405f441d-da15-43c7-89f8-e072f816d5ca,2025-07-06
ada81779-e249-460d-b864-8e7fc5020e31,K2025000162,2d8f468d-5ac3-4171-9dc6-c0ce10238fbc,2025-04-17
aa4843f3-e005-4b9d-9cb2-cf244cae4620,K2025000163,cc14cb5d-02d8-4000-a8bb-cd3802e776af,2025-07-06
7693c7b3-a5cd-4896-8867-c592d3d8c245,K2025000164,bc385e57-dd6d-479c-976d-9ccb7057026d,2025-11-03
21892650-a323-4928-ab58-dfffa6b8f035,K2025000165,adcabf4b-ebda-496b-9c84-47c5b65335ee,2025-08-25
1389a239-6473-4ab9-95f7-ca15763bc9d7,K2025000166,1d047f26-ae3f-453d-94f8-273f5c5b5952,2025-02-18
d2c4f1ca-ce99-4b00-b260-34a5e3816d51,K2025000167,f6eab665-49be-4053-925a-53061aeaac76,2025-08-13
d8547027-96b7-4a03-85f7-9b3fb2af0481,K2025000168,c283d8b9-612f-422f-8674-b3efe5272beb,2025-04-09
65272aa8-6979-4b29-8d06-d766661e35ca,K2025000169,f6eab665-49be-4053-925a-53061aeaac76,2025-07-22
4f96d084-2641-4983-9f4f-d72b3941dc1d,K2025000170,90d4bddd-71c8-49c5-9922-e762906a9f2b,2025-10-30
10a5fd86-eb5e-4bef-b454-5ee12d05f6f9,K2025000171,405f441d-da15-43c7-89f8-e072f816d5ca,2025-08-05
c4193249-57b7-460b-9846-f4e26db74f14,K2025000172,1423a182-6af9-4730-af7a-91c4d4dc7b6e,2025-12-14
6567a79b-bcd4-48ab-ac7d-0313ff7a0072,K2025000173,6f1b3682-8cad-4a96-89cb-db28b4592121,2025-08-01
0bd0ef14-b65b-4d1a-a47a-e15683a414c3,K2025000174,405f441d-da15-43c7-89f8-e072f816d5ca,2025-08-16
3482439a-6acb-493f-81e8-dabfddb245f6,K2025000175,1d047f26-ae3f-453d-94f8-273f5c5b5952,2025-08-15
49256922-0fea-4206-8cbe-d90ab564556c,K2025000176,1423a182-6af9-4730-af7a-91c4d4dc7b6e,2025-10-13
30d073c7-f59f-45af-81e1-68e25204d4d2,K2025000177,1d047f26-ae3f-453d-94f8-273f5c5b5952,2025-09-27
abe7757e-e734-4de0-8aa3-b17868e85791,K2025000178,90d4bddd-71c8-49c5-9922-e762906a9f2b,2025-06-15
0d4128de-86d8-4402-82ff-17e11634f5ba,K2025000179,660e5e58-2c1f-4150-8776-5e59e47c35e5,2025-10-31
570d2d1b-2376-4e88-95fa-ff75f2945c68,K2025000180,1d047f26-ae3f-453d-94f8-273f5c5b5952,2025-02-14
7a931ff2-4e92-4a93-8e74-8943baf5f0a8,K2025000181,1423a182-6af9-4730-af7a-91c4d4dc7b6e,2025-11-11
5af30edf-8e63-46ae-8d48-ca59b9495a3e,K2025000182,dcf19d8b-5667-4f62-a28a-427f13edc79e,2025-01-27
aed93dcb-2242-44f8-9027-224df0ea9ee0,K2025000183,660e5e58-2c1f-4150-8776-5e59e47c35e5,2025-06-21
8bb5dc49-982c-4414-a728-4567bc44d915,K2025000184,3cebf438-e7f2-411f-8432-d79b16c6606a,2025-05-14
e3fb7634-959d-4eab-885c-87370b5a0bf1,K2025000185,dcf19d8b-5667-4f62-a28a-427f13edc79e,2025-11-28
d5acaa6d-6257-4257-a65e-2d4d0caa8af1,K2025000186,f6eab665-49be-4053-925a-53061aeaac76,2025-08-14
2ea02239-7fa1-4c32-a89c-3efc510c3f9d,K2025000187,5fc17db2-db1f-4aa2-bd99-f67615d82c31,2025-05-03
d2fb64ea-bf75-4235-9459-7becaf8ea3c0,K2025000188,18cceb76-0318-4eeb-9412-5a495fab5a8f,2025-07-24
d49987f6-153f-46c0-a1ef-273dbe329259,K2025000189,cc14cb5d-02d8-4000-a8bb-cd3802e776af,2025-05-22
d69055ec-9bd7-4416-bfae-db8bc40f171e,K2025000190,90d4bddd-71c8-49c5-9922-e762906a9f2b,2025-10-18
55f61049-3869-464a-8115-c66a1689ca12,K2025000191,1423a182-6af9-4730-af7a-91c4d4dc7b6e,2025-02-05
96bcc093-f5a5-4448-9ade-3852e447a608,K2025000192,2d8f468d-5ac3-4171-9dc6-c0ce10238fbc,2025-03-12
4d4abe60-5e3b-4bcb-b0cb-17ebdf7c4b07,K2025000193,bc385e57-dd6d-479c-976d-9ccb7057026d,2025-12-05
903964a6-41e9-4076-b67e-afb293744296,K2025000194,1423a182-6af9-4730-af7a-91c4d4dc7b6e,2025-06-20
e363e1db-0293-404f-988d-b54d498e237b,K2025000195,1d047f26-ae3f-453d-94f8-273f5c5b5952,2025-09-17
fc83dd97-06ad-4ba9-a89b-c0d6d2c2caaa,K2025000196,405f441d-da15-43c7-89f8-e072f816d5ca,2025-06-22
79f4bd1c-0a16-4cde-8c54-2b9467c848a7,K2025000197,660e5e58-2c1f-4150-8776-5e59e47c35e5,2025-03-21
d6fafeea-e3f3-4287-ac6c-8b6df1d0ce62,K2025000198,1423a182-6af9-4730-af7a-91c4d4dc7b6e,2025-08-09
d908ffe6-8ab9-4968-84b0-4372e5e582c3,K2025000199,adcabf4b-ebda-496b-9c84-47c5b65335ee,2025-08-14
ecf35649-1163-4c83-ad59-3d6871295358,K2025000200,adcabf4b-ebda-496b-9c84-47c5b65335ee,2025-12-17
e51a15ac-0492-408f-9e4c-43d894e6be30,K2025000201,90d4bddd-71c8-49c5-9922-e762906a9f2b,2025-11-27
7932491d-338d-4527-952c-ea129602ef8b,K2025000202,405f441d-da15-43c7-89f8-e072f816d5ca,2025-09-22
79d8268b-81d8-4395-9036-7fd0f385a124,K2025000203,f6eab665-49be-4053-925a-53061aeaac76,2025-07-26
b54fd751-d90b-495b-a326-de474abaa830,K2025000204,405f441d-da15-43c7-89f8-e072f816d5ca,2025-03-22
50c8ff8e-f682-4a6f-95f5-84431348fc54,K2025000205,6d70a32e-d828-4536-9abc-525cfa6d8fbe,2025-10-30
df879254-030d-4b92-accd-d81e696eb0e3,K2025000206,18cceb76-0318-4eeb-9412-5a495fab5a8f,2025-02-03
6990032e-c80a-4f83-a187-1c8df88e99a9,K2025000207,18cceb76-0318-4eeb-9412-5a495fab5a8f,2025-04-20
a347381d-40d3-4b0a-bbd3-3c1a35124600,K2025000208,660e5e58-2c1f-4150-8776-5e59e47c35e5,2025-05-24
5e38e2a3-83ec-486c-b5f2-8dc75a06867c,K2025000209,6d70a32e-d828-4536-9abc-525cfa6d8fbe,2025-02-25
227ce00f-1d28-45a9-b5e6-ca8f18953fc8,K2025000210,1423a182-6af9-4730-af7a-91c4d4dc7b6e,2025-12-11
fee88930-c6e5-4863-b81c-43d053bcf24a,K2025000211,bc385e57-dd6d-479c-976d-9ccb7057026d,2025-08-03
546e212a-1a63-4bee-ae6e-558da04bfb56,K2025000212,cc14cb5d-02d8-4000-a8bb-cd3802e776af,2025-11-01
5376e826-3078-42eb-b101-5bea4b4610aa,K2025000213,1423a182-6af9-4730-af7a-91c4d4dc7b6e,2025-01-18
eae4cb79-2206-4682-8426-dc19b62b1a24,K2025000214,5fc17db2-db1f-4aa2-bd99-f67615d82c31,2025-12-23
2948d0d0-efd7-4487-a150-59f923b8e693,K2025000215,6f1b3682-8cad-4a96-89cb-db28b4592121,2025-03-01
b84daacc-2cfd-4499-a265-5c4958d091b5,K2025000216,3cebf438-e7f2-411f-8432-d79b16c6606a,2025-01-26
2f0b0dbc-7f2b-42ac-9ee6-e7839216e8b4,K2025000217,dcf19d8b-5667-4f62-a28a-427f13edc79e,2025-09-18
b8b21ad5-b321-4517-be4c-8539bf962558,K2025000218,6f1b3682-8cad-4a96-89cb-db28b4592121,2025-01-09
654bd107-8ce2-43c7-bf29-035a752e5977,K2025000219,adcabf4b-ebda-496b-9c84-47c5b65335ee,2025-04-26
1c445edb-6336-4824-922d-373f90a029f2,K2025000220,6f1b3682-8cad-4a96-89cb-db28b4592121,2025-04-08
745d86ce-61e4-4473-9f31-803f6ae0b0b8,K2025000221,676350c9-a6af-47c8-b4ce-bf729cd60ad3,2025-03-27
2c42f26c-1285-4e7c-9962-fd885ba13fe5,K2025000222,adcabf4b-ebda-496b-9c84-47c5b65335ee,2025-10-07
56ed2d28-ce82-4787-917f-a65b00991057,K2025000223,c283d8b9-612f-422f-8674-b3efe5272beb,2025-08-02
c1148bc1-d4a0-49f0-8b4c-52f3971a0a55,K2025000224,18cceb76-0318-4eeb-9412-5a495fab5a8f,2025-11-23
dfd6003b-fff0-4d3e-aa57-04052d609893,K2025000225,c283d8b9-612f-422f-8674-b3efe5272beb,2025-10-26
2c603243-fd2b-4bb6-a987-34e036361356,K2025000226,6f1b3682-8cad-4a96-89cb-db28b4592121,2025-03-20
7c01f4d6-1b66-413d-93e9-1ee2e1799c3a,K2025000227,f6eab665-49be-4053-925a-53061aeaac76,2025-07-09
dc22d53f-d519-4e7f-a538-02c626c885b9,K2025000228,f6eab665-49be-4053-925a-53061aeaac76,2025-07-31
ba934bf3-cb9e-42cc-b823-d3c3b5e70e03,K2025000229,bc385e57-dd6d-479c-976d-9ccb7057026d,2025-01-22
cbe6ea26-e94f-40f2-b996-2823cc63d6ed,K2025000230,660e5e58-2c1f-4150-8776-5e59e47c35e5,2025-01-02
cbbb3433-29ce-4d55-b486-a2a4834ab9ae,K2025000231,cc14cb5d-02d8-4000-a8bb-cd3802e776af,2025-01-20
599b76e4-f07d-4356-b164-b92e62f0ab33,K2025000232,6f1b3682-8cad-4a96-89cb-db28b4592121,2025-07-01
76f2bea5-9242-43d5-9a16-2e0ab2211a47,K2025000233,6f1b3682-8cad-4a96-89cb-db28b4592121,2025-11-07
ae2657ce-7349-4dc6-b341-02e228c88f72,K2025000234,dcf19d8b-5667-4f62-a28a-427f13edc79e,2025-04-14
d961e0db-9749-4af0-ad9c-7ec572efcec6,K2025000235,5fc17db2-db1f-4aa2-bd99-f67615d82c31,2025-08-15
31944217-3fd1-4282-bede-11f7b2522cd9,K2025000236,f6eab665-49be-4053-925a-53061aeaac76,2025-11-06
5116f53f-3e73-479c-bd31-b4b51f463a93,K2025000237,f6eab665-49be-4053-925a-53061aeaac76,2025-01-17
d31b4f20-a12e-4b33-bd46-de57c1c73ad4,K2025000238,1423a182-6af9-4730-af7a-91c4d4dc7b6e,2025-11-08
49f944ec-e12d-4f69-99c1-25d60e9c2b0b,K2025000239,660e5e58-2c1f-4150-8776-5e59e47c35e5,2025-06-11
19cb7f6a-9d0f-4e3c-9d7a-33db716efeb5,K2025000240,dcf19d8b-5667-4f62-a28a-427f13edc79e,2025-04-01
c9a12abd-3491-403e-a7ad-4caf683e0ae9,K2025000241,1d047f26-ae3f-453d-94f8-273f5c5b5952,2025-09-02
b17b1f18-7cf8-4cff-80aa-b6ab21c8e952,K2025000242,1423a182-6af9-4730-af7a-91c4d4dc7b6e,2025-04-15
c68ba68c-8e1c-4815-86c4-f9830d48e665,K2025000243,f6eab665-49be-4053-925a-53061aeaac76,2025-01-16
f30d4c35-4a99-4f21-a3b7-cb0c06a68862,K2025000244,c283d8b9-612f-422f-8674-b3efe5272beb,2025-03-18
e5e3ccc3-7fb7-463b-9657-22134efca65a,K2025000245,bc385e57-dd6d-479c-976d-9ccb7057026d,2025-11-05
61290f76-f61b-481b-a2e4-10daa8dab19a,K2025000246,90d4bddd-71c8-49c5-9922-e762906a9f2b,2025-12-26
4bb9d19d-3b8a-48a3-a092-3c65259ac171,K2025000247,405f441d-da15-43c7-89f8-e072f816d5ca,2025-10-09
a04d4853-c281-4e35-a4d9-3f4d4d87c67c,K2025000248,cc14cb5d-02d8-4000-a8bb-cd3802e776af,2025-03-22
2695221b-bc30-4ed0-87cb-83072671bfed,K2025000249,18cceb76-0318-4eeb-9412-5a495fab5a8f,2025-10-25
791c98f9-1aae-409a-b633-7d491507f904,K2025000250,660e5e58-2c1f-4150-8776-5e59e47c35e5,2025-11-29
1106dffd-b401-4649-849e-f2c8f7ce29d6,K2025000251,dcf19d8b-5667-4f62-a28a-427f13edc79e,2025-01-17
52f884ac-9d8a-4260-b4e2-7a60d1248ed4,K2025000252,1423a182-6af9-4730-af7a-91c4d4dc7b6e,2025-12-02
ac14eeb0-d006-42fc-aeba-972d464b4be8,K2025000253,cc14cb5d-02d8-4000-a8bb-cd3802e776af,2025-01-30
9dc1491a-0e0b-4fd5-ac2d-92f3ed4fabce,K2025000254,3cebf438-e7f2-411f-8432-d79b16c6606a,2025-11-14
72525c98-3f20-40e1-a936-3b69321e60bd,K2025000255,1423a182-6af9-4730-af7a-91c4d4dc7b6e,2025-05-07
f6d3adc5-db17-4afe-81ab-ef906b3abb81,K2025000256,bc385e57-dd6d-479c-976d-9ccb7057026d,2025-03-06
4e6c07cc-6aaf-47a9-9bb5-65ef86439e48,K2025000257,90d4bddd-71c8-49c5-9922-e762906a9f2b,2025-01-08
9fdd4262-7240-4f10-975e-1fe63d9233d2,K2025000258,90d4bddd-71c8-49c5-9922-e762906a9f2b,2025-02-13
2edd5294-0a0e-4f93-beec-a1483da5f101,K2025000259,cc14cb5d-02d8-4000-a8bb-cd3802e776af,2025-07-13
a9830a5f-a249-4ec2-9849-40a95172e5df,K2025000260,405f441d-da15-43c7-89f8-e072f816d5ca,2025-08-11
8cfebb0d-400c-4539-a541-33737ffd66fe,K2025000261,2d8f468d-5ac3-4171-9dc6-c0ce10238fbc,2025-12-31
459ef538-7697-472f-9bf4-1113de8533b3,K2025000262,1423a182-6af9-4730-af7a-91c4d4dc7b6e,2025-07-25
7100c462-99d8-42f4-84af-19a277cc209c,K2025000263,3cebf438-e7f2-411f-8432-d79b16c6606a,2025-01-06
a8b7065a-90b2-4507-9e79-300cf278c124,K2025000264,1423a182-6af9-4730-af7a-91c4d4dc7b6e,2025-10-30
182b7037-be78-4246-af13-5fde077180c1,K2025000265,adcabf4b-ebda-496b-9c84-47c5b65335ee,2025-04-05
a3035d00-4a23-441c-ad49-d910fecf7385,K2025000266,3cebf438-e7f2-411f-8432-d79b16c6606a,2025-01-22
20735911-e781-44aa-9eff-cbfb76734aad,K2025000267,3cebf438-e7f2-411f-8432-d79b16c6606a,2025-02-05
2ecd502d-104d-40ad-ba4b-f8f9a8896a68,K2025000268,660e5e58-2c1f-4150-8776-5e59e47c35e5,2025-04-24
cadd1f43-baad-4a97-9f8f-d3e542ecb0ce,K2025000269,660e5e58-2c1f-4150-8776-5e59e47c35e5,2025-04-20
b0747f92-bae8-4caa-ad86-891e098bf59f,K2025000270,c283d8b9-612f-422f-8674-b3efe5272beb,2025-08-05
2498a217-cd8b-4503-a91e-f4e7fc9cc0d6,K2025000271,f6eab665-49be-4053-925a-53061aeaac76,2025-07-12
8fac7a8c-3f54-4c57-b819-fe580395decb,K2025000272,adcabf4b-ebda-496b-9c84-47c5b65335ee,2025-06-24
988c6138-7e66-4784-a59c-745def24c388,K2025000273,c283d8b9-612f-422f-8674-b3efe5272beb,2025-01-04
29c47961-a864-4c0f-908f-e163d3a39c32,K2025000274,90d4bddd-71c8-49c5-9922-e762906a9f2b,2025-01-24
b4f4ce52-cf56-469f-a559-5c81a90be22c,K2025000275,3cebf438-e7f2-411f-8432-d79b16c6606a,2025-11-05
6e40d99f-e596-4c4b-ad39-82142b64bdd4,K2025000276,90d4bddd-71c8-49c5-9922-e762906a9f2b,2025-11-25
d2ee69f1-a546-4755-a80c-6b97283fbd23,K2025000277,bc385e57-dd6d-479c-976d-9ccb7057026d,2025-12-23
cb4542b7-e08e-4f6c-9611-3e12fb23cd91,K2025000278,5b55e6a8-64d9-4aa8-9905-9bb8b32b61d8,2025-11-16
b748f8b1-1e3f-4d92-8fd4-a288c2ec1bca,K2025000279,5b55e6a8-64d9-4aa8-9905-9bb8b32b61d8,2025-07-01
5a8993c7-a986-4171-9ddd-27c29c9d62b5,K2025000280,f6eab665-49be-4053-925a-53061aeaac76,2025-05-06
0451520a-bd22-4ced-b225-9193583d92ad,K2025000281,3cebf438-e7f2-411f-8432-d79b16c6606a,2025-10-01
35d62b40-0fa5-4032-a923-03fe5e0ecdbc,K2025000282,6f1b3682-8cad-4a96-89cb-db28b4592121,2025-06-28
44a05156-175c-4580-bf19-337aaa9126a8,K2025000283,18cceb76-0318-4eeb-9412-5a495fab5a8f,2025-12-27
5c6db948-c1a0-4cff-be5f-98f8715fc818,K2025000284,2d8f468d-5ac3-4171-9dc6-c0ce10238fbc,2025-04-14
b15d23a1-f2be-4eb3-96a8-374e4b84a064,K2025000285,bc385e57-dd6d-479c-976d-9ccb7057026d,2025-08-08
00d70f95-6fc8-4018-b88e-6d845cf2255b,K2025000286,6d70a32e-d828-4536-9abc-525cfa6d8fbe,2025-04-28
6b5efb0e-0155-4213-a344-59ce27edbf26,K2025000287,adcabf4b-ebda-496b-9c84-47c5b65335ee,2025-08-16
28f27118-4b9a-40e3-a2d7-3ace5f2b4446,K2025000288,3cebf438-e7f2-411f-8432-d79b16c6606a,2025-02-27
a67dc89e-79d1-41b6-a927-21c11f4d54e5,K2025000289,cc14cb5d-02d8-4000-a8bb-cd3802e776af,2025-09-23
0b40b403-09da-425c-adf6-21f6736074af,K2025000290,cc14cb5d-02d8-4000-a8bb-cd3802e776af,2025-05-17
7cb9d447-170c-470b-893b-fe03b2f920a6,K2025000291,1423a182-6af9-4730-af7a-91c4d4dc7b6e,2025-02-23
e7ff749b-a02c-4825-8f20-7b0af90bebe4,K2025000292,5fc17db2-db1f-4aa2-bd99-f67615d82c31,2025-05-04
78b5f989-8381-4976-b328-07cf5887173c,K2025000293,788197ca-739d-4991-9014-3b43742c63bd,2025-10-21
e176bccd-f994-4c62-a05d-a211aad3de59,K2025000294,660e5e58-2c1f-4150-8776-5e59e47c35e5,2025-01-07
b5161ccf-2b8f-4394-ab44-3c1c95e028a2,K2025000295,788197ca-739d-4991-9014-3b43742c63bd,2025-07-24
f1d19e63-bb15-4f03-91d9-f44810e82624,K2025000296,f6eab665-49be-4053-925a-53061aeaac76,2025-04-21
95a490f0-1b46-4351-8588-653f71dbebdb,K2025000297,788197ca-739d-4991-9014-3b43742c63bd,2025-12-11
180ac335-d7e6-41ae-a316-f094887e53cf,K2025000298,adcabf4b-ebda-496b-9c84-47c5b65335ee,2025-12-22
9ad123c8-aa45-4d59-adbc-fbec80743d0b,K2025000299,1423a182-6af9-4730-af7a-91c4d4dc7b6e,2025-05-12
b344017e-4722-4d62-96fa-d4803a872002,K2025000300,405f441d-da15-43c7-89f8-e072f816d5ca,2025-12-29
