invoice_id,invoice_number,customer_id,invoice_date
3c4b7181-0a71-48c2-a056-70ffc4a62ad9,K2025000001,51f32519-1eca-4298-bd63-97965f6421e9,2025-08-24
7b1fb72e-965c-4b9b-ac51-c47d5d0ccfa2,K2025000002,6b7b302a-0fba-414c-a011-c14578298554,2025-10-02
ecbd451a-2ac9-412b-8aa2-1bfe5d12e2e3,K2025000003,ce1c3d65-d576-486d-b095-a0c92727b38c,2025-03-05
003e5d39-e1cc-4286-a798-a59b90ba30b5,K2025000004,8b52e00f-28da-40b0-a6d2-d6d1c7f9c249,2025-07-13
efe19695-2c87-4849-9171-7624c5066b8f,K2025000005,dd2dfa06-5116-492d-a44f-a7b44b4de3ca,2025-02-10
48340b08-b70e-411a-b15b-24a8405652ec,K2025000006,dd2dfa06-5116-492d-a44f-a7b44b4de3ca,2025-10-10
e8a9f864-45f3-42dc-a659-55afd28f5883,K2025000007,06ce6dca-e441-49e9-b80a-cf5b743f7022,2025-05-31
c0c8161b-e9b1-464c-a189-040106e8a300,K2025000008,1253d79c-e13d-40cd-8abe-fe1768ff1617,2025-11-18
3465670f-1ea1-44ec-9633-5c3ba5bb7bba,K2025000009,8b52e00f-28da-40b0-a6d2-d6d1c7f9c249,2025-11-13
35cf6f8a-dd88-478c-838d-92021b0c67a9,K2025000010,ce1c3d65-d576-486d-b095-a0c92727b38c,2025-07-05
2542bcdc-5533-418d-953c-6bcdcef33462,K2025000011,4cc397a0-56bc-4dfa-9c2d-d00029f1f427,2025-10-23
8325eb26-5089-4041-9c0d-abb3929f42bb,K2025000012,6b7b302a-0fba-414c-a011-c14578298554,2025-04-09
440db55d-99bd-4df0-b97f-b6372b091291,K2025000013,4a97c12f-8922-48cc-8e81-4ca5cbd56c00,2025-12-27
6597eb98-1e35-401c-acea-f4cc17d14a0e,K2025000014,d4158a89-bce6-4fb3-bb09-775827df86c1,2025-02-05
a817d6a0-eb8b-4f6c-b1a2-d16bfaa25829,K2025000015,9cb48624-39fc-4cff-bb7c-dc30d34b7327,2025-01-24
639154ae-4914-414c-903c-c50b43afd51f,K2025000016,9cb48624-39fc-4cff-bb7c-dc30d34b7327,2025-12-05
c439c6e8-50fd-4beb-9767-f8ab1692e841,K2025000017,6f28ad41-ebb5-4e5f-bddb-acba59246f1c,2025-04-27
b612ae25-d7a7-4c45-9a03-031140d149c4,K2025000018,ec800b91-70f0-4f31-94e5-3e3d4a4de0ed,2025-05-29
c6e1e954-3848-4bfd-bd9e-2c1db1fe5897,K2025000019,7f784c6b-12a1-4ad2-bf6c-fc17a8799fd9,2025-02-10
b8f4790e-43ee-4b2b-95c8-986a274bc8a1,K2025000020,6f28ad41-ebb5-4e5f-bddb-acba59246f1c,2025-04-30
911e6153-5d8c-46a0-becb-4cf52b294353,K2025000021,8b52e00f-28da-40b0-a6d2-d6d1c7f9c249,2025-02-21
48c5e02f-9a60-42be-b43d-96a0406c97ae,K2025000022,dd2dfa06-5116-492d-a44f-a7b44b4de3ca,2025-07-14
93e54814-f4b1-4e98-b8b8-46470a69dd64,K2025000023,6f28ad41-ebb5-4e5f-bddb-acba59246f1c,2025-05-23
a30fb8cc-848b-4859-87af-66abddd852a3,K2025000024,51f32519-1eca-4298-bd63-97965f6421e9,2025-08-21
e35d07b2-f666-4a6a-97c3-94d833ec55f0,K2025000025,a4e1f491-95e8-4341-8391-5f4c76b66437,2025-11-22
a72d9d76-024c-4f51-87b6-6cf1b6111226,K2025000026,ce1c3d65-d576-486d-b095-a0c92727b38c,2025-07-06
9081fc11-7ec9-4e03-a38a-71389dc1fc69,K2025000027,9cb48624-39fc-4cff-bb7c-dc30d34b7327,2025-03-25
b50fdac9-8140-46ac-a042-ec83fb6db325,K2025000028,ec800b91-70f0-4f31-94e5-3e3d4a4de0ed,2025-07-09
d263f1b2-be2c-4765-b887-15ebd12bbd7a,K2025000029,8b52e00f-28da-40b0-a6d2-d6d1c7f9c249,2025-07-01
5aff4d72-0e87-4caa-b4da-f59db9724104,K2025000030,4cc397a0-56bc-4dfa-9c2d-d00029f1f427,2025-04-18
3597501c-da62-4b86-8915-cc9590e8aec3,K2025000031,8b52e00f-28da-40b0-a6d2-d6d1c7f9c249,2025-12-10
67f0f85e-078b-432f-b278-01fb07f85536,K2025000032,dd2dfa06-5116-492d-a44f-a7b44b4de3ca,2025-05-17
f4cfe907-aaee-4f12-a207-886c0684d730,K2025000033,dd2dfa06-5116-492d-a44f-a7b44b4de3ca,2025-12-26
c0417ea2-d42d-4813-b1f8-e29b559f1721,K2025000034,6b7b302a-0fba-414c-a011-c14578298554,2025-12-16
8b4fcd0d-8d38-45cc-a226-8f9c64ae518f,K2025000035,6b7b302a-0fba-414c-a011-c14578298554,2025-11-28
5494bab4-e951-4d4b-bd9f-297014b98a36,K2025000036,4a97c12f-8922-48cc-8e81-4ca5cbd56c00,2025-02-06
e7e8f7e2-ab45-4793-850f-bfcbf5b21e3d,K2025000037,51f32519-1eca-4298-bd63-97965f6421e9,2025-11-08
c977c506-83eb-4b5c-89f0-602671a8b005,K2025000038,dd2dfa06-5116-492d-a44f-a7b44b4de3ca,2025-11-22
d881eb1d-b3e5-4267-a264-c58bd91541df,K2025000039,ce1c3d65-d576-486d-b095-a0c92727b38c,2025-03-29
708db917-dc4b-4c62-a96c-ed0e11025c2b,K2025000040,7f784c6b-12a1-4ad2-bf6c-fc17a8799fd9,2025-10-01
b88e5af6-26fe-486e-a8bf-c0a24fdca9ac,K2025000041,dd2dfa06-5116-492d-a44f-a7b44b4de3ca,2025-05-06
80aef94c-dff2-44c6-ba74-66e10de083e3,K2025000042,ec800b91-70f0-4f31-94e5-3e3d4a4de0ed,2025-03-25
9d5a655a-7040-47e1-9feb-891d0f5d8d18,K2025000043,4cc397a0-56bc-4dfa-9c2d-d00029f1f427,2025-08-25
76a06c9b-389e-4723-b536-871538e888bc,K2025000044,60043381-ff55-4951-9804-3d395392433f,2025-07-14
9496caab-cfc3-4d34-9b11-665c2f156698,K2025000045,6f28ad41-ebb5-4e5f-bddb-acba59246f1c,2025-05-19
51bc0d9f-0658-461a-8d1b-f513d83e0d22,K2025000046,ce1c3d65-d576-486d-b095-a0c92727b38c,2025-11-24
18dda344-a0e8-4aa5-b429-ef680a8ffe57,K2025000047,51f32519-1eca-4298-bd63-97965f6421e9,2025-12-19
0604628a-628f-4c7c-8370-a596b20ef9cb,K2025000048,ec800b91-70f0-4f31-94e5-3e3d4a4de0ed,2025-10-13
96dc2afc-eeee-47fc-8c8a-5313317e735b,K2025000049,ec800b91-70f0-4f31-94e5-3e3d4a4de0ed,2025-04-23
b92342bc-96fd-49b4-ab0b-c1cf26319c13,K2025000050,9cb48624-39fc-4cff-bb7c-dc30d34b7327,2025-12-17
56cceef1-d309-4fd3-ad5f-bd88e5e0665a,K2025000051,6b7b302a-0fba-414c-a011-c14578298554,2025-06-16
b7820dac-d5cc-4bbc-b5d0-2a8ebd8fde32,K2025000052,ce1c3d65-d576-486d-b095-a0c92727b38c,2025-01-29
f3201839-86a0-4ceb-9b52-b1b89b8dd606,K2025000053,60043381-ff55-4951-9804-3d395392433f,2025-04-28
5580f89d-8c08-42de-8478-a12e37bdd543,K2025000054,1253d79c-e13d-40cd-8abe-fe1768ff1617,2025-01-17
263c1cca-0bbe-423c-b412-c4d288590aab,K2025000055,8b52e00f-28da-40b0-a6d2-d6d1c7f9c249,2025-06-11
bc010eff-ca32-4c38-82a0-8225b3e1c7cd,K2025000056,60043381-ff55-4951-9804-3d395392433f,2025-07-25
11bdd51c-77da-416b-99a4-9c5e329edb6a,K2025000057,dd2dfa06-5116-492d-a44f-a7b44b4de3ca,2025-05-18
76c93a10-9b5d-447e-a6c6-1ec70ef3ff25,K2025000058,9cb48624-39fc-4cff-bb7c-dc30d34b7327,2025-02-03
d7646298-da98-4491-8f9d-9c7a39a019a8,K2025000059,4cc397a0-56bc-4dfa-9c2d-d00029f1f427,2025-04-19
03905740-3d26-4558-b842-d7c02716c0af,K2025000060,51f32519-1eca-4298-bd63-97965f6421e9,2025-10-18
083741ef-ce5e-416e-8758-85aa11bc0285,K2025000061,98625d51-2091-4e4d-a97d-a8215cba88a0,2025-06-11
c79b0746-4d88-459e-90b8-184be9ad9023,K2025000062,6f28ad41-ebb5-4e5f-bddb-acba59246f1c,2025-04-19
50eb62c3-9371-4bb9-8ee7-04392255cf4e,K2025000063,4a97c12f-8922-48cc-8e81-4ca5cbd56c00,2025-12-02
645a0edc-df25-4fcc-a472-9ef629752e8c,K2025000064,51f32519-1eca-4298-bd63-97965f6421e9,2025-09-13
388aeb2d-7594-40a3-8839-0db86f93a127,K2025000065,6f28ad41-ebb5-4e5f-bddb-acba59246f1c,2025-07-22
1db15cf9-8e57-48fe-814f-2ee0cb4eb162,K2025000066,ec800b91-70f0-4f31-94e5-3e3d4a4de0ed,2025-11-26
1f7a5d0e-c34b-48c7-a7c1-e162f33f7590,K2025000067,dd2dfa06-5116-492d-a44f-a7b44b4de3ca,2025-08-23
8d35cf28-7819-47bb-83fe-5e507e850398,K2025000068,4a97c12f-8922-48cc-8e81-4ca5cbd56c00,2025-03-15
19231f11-4723-4778-810e-bcccd721e522,K2025000069,dd2dfa06-5116-492d-a44f-a7b44b4de3ca,2025-05-16
c014301f-e1a9-4f7a-a3eb-eb80df9d0728,K2025000070,7abc3141-ffda-4c0e-8437-6a557c005761,2025-03-13
d56e5bbb-5c03-4cab-98b8-b45b7785b6b5,K2025000071,ce1c3d65-d576-486d-b095-a0c92727b38c,2025-05-07
bcea6291-1fe4-4c0b-9ba4-1ca35b18706f,K2025000072,9cb48624-39fc-4cff-bb7c-dc30d34b7327,2025-10-15
2d43cbd8-620f-4986-9d54-7c6bde2bfb07,K2025000073,4cc397a0-56bc-4dfa-9c2d-d00029f1f427,2025-10-03
486293ac-5b6c-4b70-9bd4-45e7acfac078,K2025000074,4a97c12f-8922-48cc-8e81-4ca5cbd56c00,2025-05-15
62f1bbe1-71bd-4d32-aad9-ebc86af0ccb2,K2025000075,ce1c3d65-d576-486d-b095-a0c92727b38c,2025-10-27
124c6591-9bfb-4599-b734-a32e0840363b,K2025000076,ce1c3d65-d576-486d-b095-a0c92727b38c,2025-08-08
30857419-d63e-4cde-8667-3fa4561c8e82,K2025000077,ce1c3d65-d576-486d-b095-a0c92727b38c,2025-10-26
befa6e59-a39d-45f8-a787-570a19cc1cc3,K2025000078,dd2dfa06-5116-492d-a44f-a7b44b4de3ca,2025-07-24
7e3d4423-8c2d-49c0-97ff-49b733e44116,K2025000079,51f32519-1eca-4298-bd63-97965f6421e9,2025-07-05
b590b56e-a372-42d4-b4b5-56ce35e189c9,K2025000080,dd2dfa06-5116-492d-a44f-a7b44b4de3ca,2025-04-23
01c5b74a-722e-4da1-9975-29ddfb08175a,K2025000081,1253d79c-e13d-40cd-8abe-fe1768ff1617,2025-03-12
fb04db21-3d50-469b-bb70-b7218a0835dd,K2025000082,8b52e00f-28da-40b0-a6d2-d6d1c7f9c249,2025-09-18
28ef8901-8efd-449f-ab94-4f741f1f1706,K2025000083,51f32519-1eca-4298-bd63-97965f6421e9,2025-09-10
c0f51250-974b-4874-83ea-615397b70466,K2025000084,dd2dfa06-5116-492d-a44f-a7b44b4de3ca,2025-02-16
36631330-e243-42fa-bcab-6098c940aa2f,K2025000085,51f32519-1eca-4298-bd63-97965f6421e9,2025-01-25
02dd0b6f-8f54-4041-bdf5-cb3d08ba8723,K2025000086,51f32519-1eca-4298-bd63-97965f6421e9,2025-02-26
b2652c98-1d86-4457-9037-cb1559c9b46f,K2025000087,ce1c3d65-d576-486d-b095-a0c92727b38c,2025-03-20
0db27e00-b207-4c4c-8f3c-0ad68d7b8d16,K2025000088,ce1c3d65-d576-486d-b095-a0c92727b38c,2025-11-18
4101d295-3a24-497b-9ca9-7d4c4716f364,K2025000089,1253d79c-e13d-40cd-8abe-fe1768ff1617,2025-03-23
909729b7-3396-4201-8239-28d50e666845,K2025000090,a4e1f491-95e8-4341-8391-5f4c76b66437,2025-12-15
ba704bc3-0955-4e95-b0ed-ed7c5f17673c,K2025000091,dd2dfa06-5116-492d-a44f-a7b44b4de3ca,2025-08-05
767be7f6-2548-4344-9391-63aa026fc467,K2025000092,ce1c3d65-d576-486d-b095-a0c92727b38c,2025-11-02
41423e8a-da9d-4f0f-a213-4835265e30c2,K2025000093,ce1c3d65-d576-486d-b095-a0c92727b38c,2025-02-02
f53eec13-3e17-4a32-9837-856b43719658,K2025000094,95e3768f-9bb4-4b89-af33-b97e4da05904,2025-07-17
afe34b7f-0c89-4796-bc07-a1f11282dedd,K2025000095,ce1c3d65-d576-486d-b095-a0c92727b38c,2025-07-15
3629c0c5-30ef-4545-ad1e-bad6358bddb7,K2025000096,ec800b91-70f0-4f31-94e5-3e3d4a4de0ed,2025-11-02
61448be6-1133-4249-bf18-45f61eeeb65f,K2025000097,ec800b91-70f0-4f31-94e5-3e3d4a4de0ed,2025-08-28
51fcea7b-d91e-4690-9034-1955b9d905b1,K2025000098,7f784c6b-12a1-4ad2-bf6c-fc17a8799fd9,2025-09-28
8064d6aa-a79c-4bb4-abf0-e231c928ad5f,K2025000099,4cc397a0-56bc-4dfa-9c2d-d00029f1f427,2025-05-09
481e08ed-a4cf-487e-971b-77f00be08306,K2025000100,dd2dfa06-5116-492d-a44f-a7b44b4de3ca,2025-10-11
01467e42-aff1-44e6-81d0-6144406b333b,K2025000101,4cc397a0-56bc-4dfa-9c2d-d00029f1f427,2025-01-06
fbaa418e-732e-4959-a521-5b821c58d651,K2025000102,ce1c3d65-d576-486d-b095-a0c92727b38c,2025-12-15
b239484d-1747-477c-b707-b46cc3053cab,K2025000103,51f32519-1eca-4298-bd63-97965f6421e9,2025-02-28
a172542a-adc1-48f4-8a71-806f2882d5b7,K2025000104,ec800b91-70f0-4f31-94e5-3e3d4a4de0ed,2025-12-16
e837c3ef-8110-463f-8156-032c4bfad0ed,K2025000105,60043381-ff55-4951-9804-3d395392433f,2025-10-02
225fba95-d8ad-42b0-9b4c-45445f820377,K2025000106,da0b8fe6-f268-4e67-ac87-e4a239558fa2,2025-05-17
5751e176-ec4d-43b1-ba34-fd8394b6b99f,K2025000107,98625d51-2091-4e4d-a97d-a8215cba88a0,2025-11-25
d7dd276c-04b8-4890-a2d4-c29b769c63ed,K2025000108,ce1c3d65-d576-486d-b095-a0c92727b38c,2025-06-24
f420d1a4-9984-41f0-a0c2-c0f76f4f312f,K2025000109,da0b8fe6-f268-4e67-ac87-e4a239558fa2,2025-02-27
915150d4-8643-47e5-976b-ad41719f4e3c,K2025000110,dd2dfa06-5116-492d-a44f-a7b44b4de3ca,2025-05-31
a13eb1aa-ad5c-43d6-aa06-756e9e7e1fc6,K2025000111,6f28ad41-ebb5-4e5f-bddb-acba59246f1c,2025-08-11
5ec89ae6-febf-4399-8294-89df1cae18f1,K2025000112,dd2dfa06-5116-492d-a44f-a7b44b4de3ca,2025-03-22
14f0da97-9d1d-4598-b003-c369767c93e3,K2025000113,60043381-ff55-4951-9804-3d395392433f,2025-08-21
33073d3f-496a-459a-a45b-841d51ce9033,K2025000114,4a97c12f-8922-48cc-8e81-4ca5cbd56c00,2025-01-02
92852676-96ed-4f52-8caf-6a6b19dffbb5,K2025000115,ce1c3d65-d576-486d-b095-a0c92727b38c,2025-05-15
233f0fc1-dad5-4c88-979d-793acb7ad7c5,K2025000116,1253d79c-e13d-40cd-8abe-fe1768ff1617,2025-09-14
172ff1d9-0822-4f59-b274-303d6736e558,K2025000117,4a97c12f-8922-48cc-8e81-4ca5cbd56c00,2025-04-02
9bccda20-3b2a-4ee1-b9ee-b76783ab8a2e,K2025000118,9cb48624-39fc-4cff-bb7c-dc30d34b7327,2025-09-17
f62f17a1-74ea-49a9-b4d7-031792a782ed,K2025000119,1253d79c-e13d-40cd-8abe-fe1768ff1617,2025-02-24
cd255f07-31ed-4343-9163-df61be7a89d4,K2025000120,ec800b91-70f0-4f31-94e5-3e3d4a4de0ed,2025-11-17
199c20ec-1af8-4d64-9f5a-185cb7c0735b,K2025000121,4a97c12f-8922-48cc-8e81-4ca5cbd56c00,2025-06-02
95d92569-4c1a-4e10-a2d4-eea2cf54cc6f,K2025000122,1253d79c-e13d-40cd-8abe-fe1768ff1617,2025-11-24
8046d93c-e5b4-4cbd-9f7f-a85e8a6c46ac,K2025000123,51f32519-1eca-4298-bd63-97965f6421e9,2025-09-17
dac0b189-f411-4df8-8ba7-d7b291f72743,K2025000124,dd2dfa06-5116-492d-a44f-a7b44b4de3ca,2025-11-08
e79d7f4e-8d17-4a4e-9318-7efca641b153,K2025000125,da0b8fe6-f268-4e67-ac87-e4a239558fa2,2025-04-12
76dba76f-a382-40d3-a7d2-78f685ef8ce8,K2025000126,7f784c6b-12a1-4ad2-bf6c-fc17a8799fd9,2025-03-20
bd4d455b-7667-4a16-a5ca-679cf6a53b68,K2025000127,4a97c12f-8922-48cc-8e81-4ca5cbd56c00,2025-07-11
a2893670-9912-4b2c-859a-5de1aabff034,K2025000128,1253d79c-e13d-40cd-8abe-fe1768ff1617,2025-03-24
19b40775-4f3a-4733-9421-5c0d802930fb,K2025000129,4cc397a0-56bc-4dfa-9c2d-d00029f1f427,2025-10-04
2e097c25-ab8d-46eb-a3b0-433c14317473,K2025000130,ec800b91-70f0-4f31-94e5-3e3d4a4de0ed,2025-09-29
2c9f72bf-f439-4591-b70f-3abc9ec729c5,K2025000131,7f784c6b-12a1-4ad2-bf6c-fc17a8799fd9,2025-01-01
b43e11e0-c251-4ef3-840e-2209e0ca9407,K2025000132,da0b8fe6-f268-4e67-ac87-e4a239558fa2,2025-11-03
9da01b15-de50-49d1-b74a-9ed48d9fb227,K2025000133,dd2dfa06-5116-492d-a44f-a7b44b4de3ca,2025-06-15
49f9d3e9-dd1b-4c2e-9ed0-23186cd8a034,K2025000134,51f32519-1eca-4298-bd63-97965f6421e9,2025-09-08
169393f2-4260-4fc6-a342-d63f3f60d1a0,K2025000135,6b7b302a-0fba-414c-a011-c14578298554,2025-01-10
a18b5df2-b098-40e5-8d0a-93941346b117,K2025000136,51f32519-1eca-4298-bd63-97965f6421e9,2025-02-27
6baa47ca-6c75-499a-ace6-bb851c6143c0,K2025000137,ec800b91-70f0-4f31-94e5-3e3d4a4de0ed,2025-07-05
6c1daa89-9023-4208-ad0b-2ae86c081725,K2025000138,ce1c3d65-d576-486d-b095-a0c92727b38c,2025-06-07
3c6dbfd4-7316-448b-b026-6e55986ff1d2,K2025000139,51f32519-1eca-4298-bd63-97965f6421e9,2025-05-03
2a2c04c5-8182-4994-8c2f-b38c1aa0f14b,K2025000140,7abc3141-ffda-4c0e-8437-6a557c005761,2025-01-30
55343064-37a4-48fe-8276-ec384c0eebbd,K2025000141,6b7b302a-0fba-414c-a011-c14578298554,2025-05-04
d38c662c-3e4e-44df-b9b7-32b95e941dd5,K2025000142,da0b8fe6-f268-4e67-ac87-e4a239558fa2,2025-10-18
19fa60b4-3ba3-4061-98b7-5aeea98eb8c4,K2025000143,ec800b91-70f0-4f31-94e5-3e3d4a4de0ed,2025-02-10
b047a9ac-74ec-4cdb-8a38-fadef66ce4bd,K2025000144,6f28ad41-ebb5-4e5f-bddb-acba59246f1c,2025-02-13
b13cfbc9-f2ab-4356-a9db-9e0ce4471fc1,K2025000145,6f28ad41-ebb5-4e5f-bddb-acba59246f1c,2025-09-06
b0437186-b5c2-4d2d-a9b4-eac4d60d8b33,K2025000146,4cc397a0-56bc-4dfa-9c2d-d00029f1f427,2025-02-05
0692f3ca-1947-4f4e-b6fb-e86157a1a128,K2025000147,8b52e00f-28da-40b0-a6d2-d6d1c7f9c249,2025-09-30
960e3995-6169-48ed-92e4-010cb09bbc06,K2025000148,ec800b91-70f0-4f31-94e5-3e3d4a4de0ed,2025-03-06
3ab3d1bb-fe93-4d5b-8687-38077f0300d9,K2025000149,4cc397a0-56bc-4dfa-9c2d-d00029f1f427,2025-03-07
8d0cb93a-e85d-4dee-a5b2-d988214282e9,K2025000150,6f28ad41-ebb5-4e5f-bddb-acba59246f1c,2025-12-04
b2523b58-d97e-4d21-a08e-9368ed7b9665,K2025000151,60043381-ff55-4951-9804-3d395392433f,2025-09-01
830410ba-e1db-43b8-a6eb-bf607ccc9a91,K2025000152,da0b8fe6-f268-4e67-ac87-e4a239558fa2,2025-10-09
7c0ebfd1-e11e-42c6-9c75-5818c85f26b8,K2025000153,dd2dfa06-5116-492d-a44f-a7b44b4de3ca,2025-03-26
f33638dd-4285-41b9-a566-fd43b0029ef3,K2025000154,ec800b91-70f0-4f31-94e5-3e3d4a4de0ed,2025-05-16
388372eb-ea33-448c-b38b-0b26eb4b91ff,K2025000155,7abc3141-ffda-4c0e-8437-6a557c005761,2025-09-28
c8ece820-b845-4727-a375-13ead4ad8b13,K2025000156,da0b8fe6-f268-4e67-ac87-e4a239558fa2,2025-11-07
1ff0b9a2-d100-488d-b0a8-d0703731f858,K2025000157,ce1c3d65-d576-486d-b095-a0c92727b38c,2025-08-05
1e381341-d90c-42bb-a68e-815a08ce1b7f,K2025000158,ce1c3d65-d576-486d-b095-a0c92727b38c,2025-04-19
5a28394d-6b87-4e7a-bd4c-b7f5c183e33f,K2025000159,da0b8fe6-f268-4e67-ac87-e4a239558fa2,2025-10-04
2ca36ab8-7352-4c3d-97be-927b72a2d2ac,K2025000160,ce1c3d65-d576-486d-b095-a0c92727b38c,2025-12-20
6e85b3d0-ea93-4d7c-9970-7078e3591cd1,K2025000161,51f32519-1eca-4298-bd63-97965f6421e9,2025-04-13
146d65db-f467-4244-9e57-e3a51bb37cef,K2025000162,ce1c3d65-d576-486d-b095-a0c92727b38c,2025-06-09
e9efaadb-3e54-464d-be29-4424bca227b6,K2025000163,ce1c3d65-d576-486d-b095-a0c92727b38c,2025-07-24
653b8b23-7be8-4ba3-b622-e1c23c404c17,K2025000164,ec800b91-70f0-4f31-94e5-3e3d4a4de0ed,2025-12-10
c1f9925d-325b-4b74-ab89-62ff592b9945,K2025000165,dd2dfa06-5116-492d-a44f-a7b44b4de3ca,2025-11-29
0a7ffa21-aa3a-41a5-b764-893a0c7116b6,K2025000166,1253d79c-e13d-40cd-8abe-fe1768ff1617,2025-07-11
a117d66f-a33c-451d-842c-ac52c933ef9e,K2025000167,51f32519-1eca-4298-bd63-97965f6421e9,2025-08-13
faca7537-ebfe-4b7c-a3bb-e67e3ff05493,K2025000168,9cb48624-39fc-4cff-bb7c-dc30d34b7327,2025-09-22
b7ee50bc-255d-40cc-b447-35531538b6bd,K2025000169,4cc397a0-56bc-4dfa-9c2d-d00029f1f427,2025-08-20
5cca167a-73a7-4d50-abd0-0d0acc1a730a,K2025000170,8b52e00f-28da-40b0-a6d2-d6d1c7f9c249,2025-03-03
da5c21d7-fe47-4098-8e4c-d397d5ded109,K2025000171,ce1c3d65-d576-486d-b095-a0c92727b38c,2025-05-07
0e4802c2-1f8f-48ca-8572-2849964de3ac,K2025000172,4cc397a0-56bc-4dfa-9c2d-d00029f1f427,2025-04-26
0211c08f-9cca-47d1-b524-55c43048cb3b,K2025000173,ec800b91-70f0-4f31-94e5-3e3d4a4de0ed,2025-02-02
a09b3bd8-dd53-4ce1-b95e-82d4f9df9aba,K2025000174,da0b8fe6-f268-4e67-ac87-e4a239558fa2,2025-06-23
44a0a5d4-6a23-4d6d-8397-78c987cba7fb,K2025000175,ce1c3d65-d576-486d-b095-a0c92727b38c,2025-01-11
4f0e6da8-d085-4ff1-bc8e-35c99dcd7819,K2025000176,dd2dfa06-5116-492d-a44f-a7b44b4de3ca,2025-10-29
e9e3dc90-b6c1-41f6-afe3-b609dba6a456,K2025000177,ce1c3d65-d576-486d-b095-a0c92727b38c,2025-10-11
62742e55-7301-4179-8d18-88b28de7bfbb,K2025000178,98625d51-2091-4e4d-a97d-a8215cba88a0,2025-04-28
3b83630f-5a59-4bbd-baee-17f6691c700a,K2025000179,60043381-ff55-4951-9804-3d395392433f,2025-10-29
3f6cc52b-dccd-4185-bd15-028f2bfd1c3d,K2025000180,dd2dfa06-5116-492d-a44f-a7b44b4de3ca,2025-04-23
3199c2a9-882e-45c0-8b2e-5994ac1f00dc,K2025000181,51f32519-1eca-4298-bd63-97965f6421e9,2025-01-04
f6908891-94e9-4a23-835c-9b0fe40652bf,K2025000182,dd2dfa06-5116-492d-a44f-a7b44b4de3ca,2025-02-06
8b8bab62-032c-49e5-a0de-fa5c8e5fbf36,K2025000183,60043381-ff55-4951-9804-3d395392433f,2025-12-29
4872f716-59b4-4449-ac14-02e8bae90ef3,K2025000184,1253d79c-e13d-40cd-8abe-fe1768ff1617,2025-11-20
8b606ee1-5efa-4797-a7b5-c6229442d08a,K2025000185,6f28ad41-ebb5-4e5f-bddb-acba59246f1c,2025-01-31
146861a4-f278-41f2-8c43-cb5a06b6b59a,K2025000186,ce1c3d65-d576-486d-b095-a0c92727b38c,2025-04-28
eda2abef-2898-4b7a-afd5-42d27b0cd8e1,K2025000187,4a97c12f-8922-48cc-8e81-4ca5cbd56c00,2025-02-04
76493bb0-9638-4fd8-8bec-0852eab98427,K2025000188,95e3768f-9bb4-4b89-af33-b97e4da05904,2025-01-17
b32b1b4d-5521-4656-a466-681f0b310361,K2025000189,ec800b91-70f0-4f31-94e5-3e3d4a4de0ed,2025-06-19
3b91fa5f-5633-484a-aa4c-7623f8abe837,K2025000190,da0b8fe6-f268-4e67-ac87-e4a239558fa2,2025-02-06
098f1be3-b53d-4544-99a7-870ea4fde6f0,K2025000191,dd2dfa06-5116-492d-a44f-a7b44b4de3ca,2025-09-21
3e04bd7d-6131-4f3e-90a8-76a5a31ccb03,K2025000192,1253d79c-e13d-40cd-8abe-fe1768ff1617,2025-05-02
db39bc8e-4ed0-44b4-9874-cfee683b2b76,K2025000193,1253d79c-e13d-40cd-8abe-fe1768ff1617,2025-05-23
c9b18fb9-a8e0-4e82-a367-19bc0cd66614,K2025000194,ce1c3d65-d576-486d-b095-a0c92727b38c,2025-12-09
5031b91d-a2e0-40a9-9444-b348e574fdb2,K2025000195,51f32519-1eca-4298-bd63-97965f6421e9,2025-09-06
7dc7bf71-7250-4841-b1d7-cdfa1e6b0546,K2025000196,51f32519-1eca-4298-bd63-97965f6421e9,2025-04-20
dcfdd2d5-e65c-41da-b167-2e06e384281c,K2025000197,ce1c3d65-d576-486d-b095-a0c92727b38c,2025-10-04
aa20a159-0f52-4a1c-afe0-65d42e7672fd,K2025000198,1253d79c-e13d-40cd-8abe-fe1768ff1617,2025-03-09
abeac023-acbe-4192-aefb-5bcb342ab8d6,K2025000199,1253d79c-e13d-40cd-8abe-fe1768ff1617,2025-10-20
1a8ff127-2ac8-43da-ae09-850c9cbab8dc,K2025000200,ce1c3d65-d576-486d-b095-a0c92727b38c,2025-10-23
776cf3e4-2a72-42b5-a19b-c6210ee03b49,K2025000201,ce1c3d65-d576-486d-b095-a0c92727b38c,2025-08-31
944aff32-41ad-418f-91a1-c98fb788d0e6,K2025000202,dd2dfa06-5116-492d-a44f-a7b44b4de3ca,2025-05-05
46d82573-75cb-4168-90ae-2a4daad998b1,K2025000203,dd2dfa06-5116-492d-a44f-a7b44b4de3ca,2025-08-31
57550fb0-6bc1-4971-b5f6-80a62ccfbe0c,K2025000204,1253d79c-e13d-40cd-8abe-fe1768ff1617,2025-07-28
ce0ead2c-307c-41a3-ad3f-5765822b718b,K2025000205,8b52e00f-28da-40b0-a6d2-d6d1c7f9c249,2025-04-08
b3f54328-b689-4fe8-9575-38aa4cfcfa90,K2025000206,4cc397a0-56bc-4dfa-9c2d-d00029f1f427,2025-02-18
e5cda7a1-2e19-4fe9-a961-b4a2c0941eec,K2025000207,dd2dfa06-5116-492d-a44f-a7b44b4de3ca,2025-02-19
8a6edec5-770a-4fba-8b66-a2c44cc17e53,K2025000208,ce1c3d65-d576-486d-b095-a0c92727b38c,2025-12-04
96351a4a-4800-4987-9ba0-7b61b48562f6,K2025000209,4cc397a0-56bc-4dfa-9c2d-d00029f1f427,2025-08-09
3f67bce9-546b-4f17-8e77-710393e968c5,K2025000210,dd2dfa06-5116-492d-a44f-a7b44b4de3ca,2025-07-01
ba426917-5207-4a9a-8a0a-147a81e2b438,K2025000211,ec800b91-70f0-4f31-94e5-3e3d4a4de0ed,2025-08-05
45e807b6-f20c-4460-a832-5cc0ae61c414,K2025000212,ce1c3d65-d576-486d-b095-a0c92727b38c,2025-07-30
000342f2-75c3-45a5-8a48-cae0905f9391,K2025000213,ce1c3d65-d576-486d-b095-a0c92727b38c,2025-08-28
f3908c11-9503-498c-8ea1-7b179a22b430,K2025000214,da0b8fe6-f268-4e67-ac87-e4a239558fa2,2025-01-28
b7c9962b-a9cd-45ae-a4a5-06ccdcfb0e6a,K2025000215,ce1c3d65-d576-486d-b095-a0c92727b38c,2025-12-11
2ac4e493-b140-4b40-88fa-5664d5bf6f01,K2025000216,da0b8fe6-f268-4e67-ac87-e4a239558fa2,2025-12-01
a38dd52e-6cff-48c8-8716-bbe11ffba7de,K2025000217,51f32519-1eca-4298-bd63-97965f6421e9,2025-11-27
127312b4-ff8a-4cf5-80a5-6fdc249492bd,K2025000218,ce1c3d65-d576-486d-b095-a0c92727b38c,2025-02-20
397f8619-5507-431b-8378-18200ba1096d,K2025000219,ce1c3d65-d576-486d-b095-a0c92727b38c,2025-02-01
32d29f9d-b0c5-4a60-9f0b-d3f337af8e02,K2025000220,1253d79c-e13d-40cd-8abe-fe1768ff1617,2025-07-26
8bda6da4-c265-44c0-9797-6d645bbc30c9,K2025000221,ce1c3d65-d576-486d-b095-a0c92727b38c,2025-06-23
d7ae9504-9c94-463d-b8bd-36186d4d5f49,K2025000222,95e3768f-9bb4-4b89-af33-b97e4da05904,2025-02-25
f966092f-9227-4dd3-b036-847be9d68a78,K2025000223,dd2dfa06-5116-492d-a44f-a7b44b4de3ca,2025-05-08
35dff623-e040-43f4-8178-b4719fb4f993,K2025000224,51f32519-1eca-4298-bd63-97965f6421e9,2025-04-09
259273be-30e5-44fd-86c0-02171b9fad42,K2025000225,6f28ad41-ebb5-4e5f-bddb-acba59246f1c,2025-04-08
fd99b751-1b4f-4d1e-a1a4-5442fe650f6a,K2025000226,da0b8fe6-f268-4e67-ac87-e4a239558fa2,2025-10-02
ba8180ac-3b2e-494c-8bce-8570ea4eb3fd,K2025000227,7abc3141-ffda-4c0e-8437-6a557c005761,2025-08-18
a0fdc47a-0384-4f0d-af31-06c8c36c2cd0,K2025000228,98625d51-2091-4e4d-a97d-a8215cba88a0,2025-03-13
9c485520-ada6-45f2-bda0-2f4af0a72c8c,K2025000229,1253d79c-e13d-40cd-8abe-fe1768ff1617,2025-08-05
1cb35277-7b54-4a4a-abe7-ad858ccacd7b,K2025000230,ce1c3d65-d576-486d-b095-a0c92727b38c,2025-04-04
e0bb19c9-eb0d-4610-885a-be7ff5f8b3ff,K2025000231,ce1c3d65-d576-486d-b095-a0c92727b38c,2025-05-23
557d0c5e-c4c2-49d2-b82a-e04ed2a6ef76,K2025000232,ec800b91-70f0-4f31-94e5-3e3d4a4de0ed,2025-08-25
24751d19-1d4b-4113-ae0a-776f604f6691,K2025000233,95e3768f-9bb4-4b89-af33-b97e4da05904,2025-05-08
d77d4544-d03e-4b98-b1f5-eba9dacb3971,K2025000234,ec800b91-70f0-4f31-94e5-3e3d4a4de0ed,2025-02-08
3279d01d-24d0-4d33-85bc-c7a43cf79358,K2025000235,9cb48624-39fc-4cff-bb7c-dc30d34b7327,2025-08-15
c006eb5d-9fc4-485f-ba1b-8b9aac8b2b4e,K2025000236,ce1c3d65-d576-486d-b095-a0c92727b38c,2025-10-09
fa623068-92a6-46dc-83e6-3749a7f3d566,K2025000237,6f28ad41-ebb5-4e5f-bddb-acba59246f1c,2025-02-20
fc1d0582-c50e-4f65-9350-6baed6ba300c,K2025000238,4cc397a0-56bc-4dfa-9c2d-d00029f1f427,2025-01-26
a47699cd-182f-4837-88a8-820789629111,K2025000239,ce1c3d65-d576-486d-b095-a0c92727b38c,2025-11-30
a756955c-cbde-4495-807c-35ef7f42952e,K2025000240,9cb48624-39fc-4cff-bb7c-dc30d34b7327,2025-10-04
a67d9195-c149-467d-b51e-c2d99cfd7508,K2025000241,60043381-ff55-4951-9804-3d395392433f,2025-01-08
b229f0ed-9211-4d58-ac3f-b43e1c2c298e,K2025000242,6b7b302a-0fba-414c-a011-c14578298554,2025-02-17
553fb52c-5176-4c92-9b31-159e2599ead5,K2025000243,60043381-ff55-4951-9804-3d395392433f,2025-05-02
6291df7c-fbc1-4be8-bced-9622b8b2514b,K2025000244,51f32519-1eca-4298-bd63-97965f6421e9,2025-03-27
b33edefd-9931-404c-9989-fd89dca4f60d,K2025000245,4cc397a0-56bc-4dfa-9c2d-d00029f1f427,2025-07-28
d0c29286-2e69-45a7-8286-6b44744a7b77,K2025000246,60043381-ff55-4951-9804-3d395392433f,2025-09-06
67f76a87-6d29-4828-a193-3ab61cb8ab8a,K2025000247,7f784c6b-12a1-4ad2-bf6c-fc17a8799fd9,2025-09-04
c0c140b8-8db4-498b-a380-6e798bebf4e8,K2025000248,6b7b302a-0fba-414c-a011-c14578298554,2025-04-20
7c842712-46c0-4c78-83f2-3e9916b88d7a,K2025000249,6b7b302a-0fba-414c-a011-c14578298554,2025-07-25
37dc4fa4-5f9f-4062-8b2b-4c79a486c8a6,K2025000250,1253d79c-e13d-40cd-8abe-fe1768ff1617,2025-01-31
4e4621bb-a025-4666-b215-38baee6fff30,K2025000251,6f28ad41-ebb5-4e5f-bddb-acba59246f1c,2025-03-26
4edc51b7-c1ce-4dc0-b065-cccd0e288351,K2025000252,98625d51-2091-4e4d-a97d-a8215cba88a0,2025-07-14
154e1e78-b7ce-4446-9665-75a122a9c5ec,K2025000253,1253d79c-e13d-40cd-8abe-fe1768ff1617,2025-01-02
7ba60585-95d3-4f04-a2ed-e22b029c1662,K2025000254,51f32519-1eca-4298-bd63-97965f6421e9,2025-07-19
4bb5b25c-0b43-429d-aadf-5986c5c4b866,K2025000255,dd2dfa06-5116-492d-a44f-a7b44b4de3ca,2025-05-16
44a71492-e087-4596-86d0-34418e2a14ae,K2025000256,95e3768f-9bb4-4b89-af33-b97e4da05904,2025-08-21
b267e5e4-4440-4e7f-b6b6-c0e603decc96,K2025000257,60043381-ff55-4951-9804-3d395392433f,2025-05-27
e19c6b59-d01c-4103-be27-44ce149342a4,K2025000258,ce1c3d65-d576-486d-b095-a0c92727b38c,2025-08-05
9f465fcf-df24-45ee-bbb1-45b84161fc56,K2025000259,95e3768f-9bb4-4b89-af33-b97e4da05904,2025-12-23
642d055e-32bb-4cdb-82ad-cd0249e0e8ea,K2025000260,dd2dfa06-5116-492d-a44f-a7b44b4de3ca,2025-10-12
2fe5b2ec-6135-47db-9f11-078c94cc12a8,K2025000261,8b52e00f-28da-40b0-a6d2-d6d1c7f9c249,2025-12-05
2cfd2a97-bc71-4868-82c3-a941d0c0a75e,K2025000262,7abc3141-ffda-4c0e-8437-6a557c005761,2025-09-07
2708e063-b0c6-487a-af72-a5322d2c6c61,K2025000263,dd2dfa06-5116-492d-a44f-a7b44b4de3ca,2025-03-21
07a623ae-5f20-4b79-90fb-587e03c1cbab,K2025000264,ec800b91-70f0-4f31-94e5-3e3d4a4de0ed,2025-04-08
12732e30-2745-4a94-a27c-49a6f0830cc0,K2025000265,1253d79c-e13d-40cd-8abe-fe1768ff1617,2025-06-01
5619787a-4d40-44f0-ae36-587815f1ec53,K2025000266,ce1c3d65-d576-486d-b095-a0c92727b38c,2025-04-22
6b608990-c431-4c86-8e24-67f6c362e462,K2025000267,ce1c3d65-d576-486d-b095-a0c92727b38c,2025-01-30
695ed432-2aa9-4b83-b26e-f9d3128964f7,K2025000268,ce1c3d65-d576-486d-b095-a0c92727b38c,2025-10-24
f441e501-3e86-4099-8d64-63b1e1bee237,K2025000269,51f32519-1eca-4298-bd63-97965f6421e9,2025-10-05
88f47bc4-5e27-4c5b-9ff8-22b8b674c6e3,K2025000270,6f28ad41-ebb5-4e5f-bddb-acba59246f1c,2025-02-01
deceaa64-78f2-49a2-b5ca-4cc5443c51ad,K2025000271,4a97c12f-8922-48cc-8e81-4ca5cbd56c00,2025-06-10
fa06d9b2-6b91-4290-9b82-25c296b66424,K2025000272,4a97c12f-8922-48cc-8e81-4ca5cbd56c00,2025-01-30
73e6f4fb-e742-43bb-bd8a-bf741a764bbd,K2025000273,1253d79c-e13d-40cd-8abe-fe1768ff1617,2025-01-26
4f117348-7ca3-4437-9171-610d9444fb5c,K2025000274,60043381-ff55-4951-9804-3d395392433f,2025-10-27
bfa8c593-ed5d-4593-a086-9810409535cb,K2025000275,ec800b91-70f0-4f31-94e5-3e3d4a4de0ed,2025-09-02
eebeb73f-9b89-4aac-95cf-00d39131e628,K2025000276,ec800b91-70f0-4f31-94e5-3e3d4a4de0ed,2025-09-15
e8f5511b-6482-44b5-b55a-1e8b999f793f,K2025000277,ce1c3d65-d576-486d-b095-a0c92727b38c,2025-09-29
6f0f8fa0-c159-4f4c-be07-65c66a046858,K2025000278,ce1c3d65-d576-486d-b095-a0c92727b38c,2025-03-22
32c0cd7a-6bfe-4b70-a77e-aedb7eb62f3f,K2025000279,ce1c3d65-d576-486d-b095-a0c92727b38c,2025-01-30
5d8ffe91-ae76-4ff9-a53b-4c4c65bdb33c,K2025000280,ce1c3d65-d576-486d-b095-a0c92727b38c,2025-09-18
62f10643-2db9-45a3-968e-5cf87894d552,K2025000281,1253d79c-e13d-40cd-8abe-fe1768ff1617,2025-02-11
54a26093-3075-4d78-ad1f-089785e39e58,K2025000282,51f32519-1eca-4298-bd63-97965f6421e9,2025-04-06
d03cb481-ac3f-4bc9-9429-5e404c166d29,K2025000283,51f32519-1eca-4298-bd63-97965f6421e9,2025-02-05
fe95355e-6ca5-4beb-914c-8abb4eedf573,K2025000284,dd2dfa06-5116-492d-a44f-a7b44b4de3ca,2025-11-01
34e04e55-2e5f-42b1-8ac0-7c4433cd05d0,K2025000285,95e3768f-9bb4-4b89-af33-b97e4da05904,2025-02-04
6fbc50f2-ac45-47db-8e77-19e243eec815,K2025000286,4cc397a0-56bc-4dfa-9c2d-d00029f1f427,2025-12-12
fe4f0d67-4a6e-4ab5-8353-b64379ecd28e,K2025000287,a4e1f491-95e8-4341-8391-5f4c76b66437,2025-05-01
4be27298-9ca5-43d3-8b1f-60bf51191931,K2025000288,ec800b91-70f0-4f31-94e5-3e3d4a4de0ed,2025-07-26
d991e8bd-e64f-47bd-9152-320715e3379d,K2025000289,6f28ad41-ebb5-4e5f-bddb-acba59246f1c,2025-03-03
2300fc0a-0621-40a9-8058-b0d05e8b41c2,K2025000290,8b52e00f-28da-40b0-a6d2-d6d1c7f9c249,2025-10-19
329ae67f-5969-46f5-834e-6637a329d348,K2025000291,4cc397a0-56bc-4dfa-9c2d-d00029f1f427,2025-05-07
75ceff48-87ad-4618-80a8-7fd5d5a63ed7,K2025000292,4cc397a0-56bc-4dfa-9c2d-d00029f1f427,2025-10-24
e5b7c7df-3f35-401e-8cad-30b3456f2523,K2025000293,4a97c12f-8922-48cc-8e81-4ca5cbd56c00,2025-11-01
0c74e304-2817-4701-aefb-5adb1e860c34,K2025000294,51f32519-1eca-4298-bd63-97965f6421e9,2025-01-21
ccc4b547-a8a1-4485-9348-db0328012493,K2025000295,dd2dfa06-5116-492d-a44f-a7b44b4de3ca,2025-11-14
99361107-ae1d-4411-9931-c4eff0da51f5,K2025000296,ec800b91-70f0-4f31-94e5-3e3d4a4de0ed,2025-02-11
9160808e-8ab0-4eb1-b3ca-91a4314cc1e6,K2025000297,ce1c3d65-d576-486d-b095-a0c92727b38c,2025-08-03
444558fd-ddca-477d-ba52-42ca4d74f927,K2025000298,d4158a89-bce6-4fb3-bb09-775827df86c1,2025-12-03
516e3566-4251-43e0-a7a3-c2fd82b0fd66,K2025000299,8b52e00f-28da-40b0-a6d2-d6d1c7f9c249,2025-10-26
b56acdce-e4bf-4ee6-8256-8e34f173814c,K2025000300,dd2dfa06-5116-492d-a44f-a7b44b4de3ca,2025-10-17
